budget,RT_aud_score,RT_crit_score,RT_runtime,Metascore,imdbRating,imdbVotes,dom_gross
300000000,72,44,169,50,7.1,339173,309420425
260000000,87,89,100,71,7.9,170907,200821936
258000000,51,63,139,59,6.3,257854,336530303
250000000,83,65,170,58,8.1,427244,303003568
250000000,77,84,154,78,7.4,227252,301959197
250000000,85,75,161,66,8.2,206398,254710178
250000000,55,33,137,45,6.7,254473,241063875
232000000,62,76,154,72,6.2,204129,200120000
230000000,59,64,105,58,6.7,237255,169368427
225000000,76,56,143,55,7.4,349748,291045518
225000000,73,67,144,62,6.6,108776,141621490
220000000,77,73,136,66,7.2,289117,262030663
215000000,71,70,105,58,6.9,186234,179020854
210000000,63,57,87,58,6.8,258720,234362462
210000000,58,43,148,53,6.7,164698,105487148
207000000,49,84,187,81,7.3,251012,218080025
200000000,86,92,145,81,7.8,370288,304360277
200000000,57,59,127,44,6.5,132834,234770996
200000000,51,39,112,57,6.4,67180,191450875
200000000,64,51,125,49,6.9,206335,172062763
200000000,47,39,158,49,5.8,208207,166112167
200000000,55,33,115,52,6.7,217299,125322469
200000000,46,26,113,39,5.8,166848,116601172
200000000,58,36,116,50,6.6,164789,90759676
190000000,90,87,131,72,7.9,264551,228778661
190000000,73,67,115,63,7.1,262786,202359711
190000000,68,49,142,55,7.4,213204,144840419
190000000,58,54,96,55,6.8,51090,137855863
190000000,78,71,131,64,7.2,216288,101802906
185000000,76,78,93,69,7.2,161238,237282182
180000000,89,96,97,94,8.5,468448,223808164
180000000,63,18,90,44,6.1,91166,140125968
180000000,78,94,126,83,7.6,186970,73864507
175000000,59,72,94,56,6.6,83620,198351526
175000000,50,35,118,32,5.8,139933,150201498
175000000,28,20,107,38,4.7,107369,113805681
175000000,30,13,112,31,5.2,87732,102491776
175000000,53,23,96,37,5.4,92873,100289690
175000000,43,43,135,56,6,111855,88246220
170000000,81,65,112,54,7.4,170174,204674790
170000000,63,56,100,61,6.6,85420,194949659
170000000,52,48,128,57,6.2,169370,155136755
170000000,47,70,109,66,6.4,224427,150358296
165000000,54,58,93,58,6.4,97624,238736787
165000000,91,98,98,74,8.2,277665,217581231
165000000,86,86,92,72,7.8,163260,189412677
163000000,44,44,119,50,6.1,134915,100240551
160000000,84,69,130,61,7.2,189780,238679850
160000000,87,87,132,65,7.8,335510,146408305
160000000,80,72,166,70,7.8,333628,127509326
155000000,59,49,113,53,6.4,73076,104386950
150000000,60,41,92,49,6.5,229109,227946274
150000000,51,82,130,72,6.8,229004,206459076
150000000,87,96,110,96,8,337299,206445654
150000000,94,85,140,70,8.3,647810,205343774
150000000,76,77,115,57,7,330613,181030624
150000000,66,64,89,61,6.8,94955,180010950
150000000,60,38,107,40,6.8,223794,179883157
150000000,47,44,105,42,5.9,83512,177243721
150000000,74,81,88,67,7.4,116459,165249063
150000000,68,70,127,66,6.8,182733,133501348
150000000,58,37,139,48,6.7,154182,133375846
150000000,74,54,165,56,7.2,271461,133298577
150000000,31,6,103,20,4.4,89300,131772187
150000000,53,51,90,54,6.2,80178,126631277
150000000,40,22,90,41,5.1,26324,119436770
150000000,74,88,96,67,7,106670,114053759
150000000,49,25,99,37,5.8,115446,83670083
150000000,63,50,137,52,6.4,84167,73103784
150000000,33,34,103,43,5.8,77334,62189884
149000000,65,72,84,74,6.7,63430,64665672
145000000,73,79,93,60,7,78644,216391482
145000000,76,93,132,73,7.4,262373,209397903
145000000,73,88,88,79,7.2,85609,171091819
145000000,81,74,97,57,7.3,78100,103412758
145000000,55,39,124,41,6,63328,68671925
142000000,42,57,133,56,6.1,131453,160942139
140000000,46,39,88,49,6,184376,190418803
140000000,73,79,124,66,6.8,271834,176654505
140000000,65,52,127,37,6.6,103615,130444603
140000000,49,28,90,41,5.9,100921,122523060
140000000,83,65,154,55,7.7,238846,111110575
140000000,50,29,90,47,6.1,88516,110550000
138000000,70,64,163,56,7.6,296991,107509799
137500000,72,67,112,61,6.9,232382,134806913
137000000,29,62,138,54,5.7,159156,132177234
135000000,79,70,98,55,7.3,85486,187168425
135000000,69,88,107,75,7.3,132960,123257581
135000000,80,85,137,81,7.4,138837,93926386
135000000,67,67,95,58,6.5,29885,83028130
135000000,62,46,99,50,5.9,23615,64006466
135000000,43,47,132,65,6,78553,63478838
130000000,68,84,90,65,6.7,84478,149260504
130000000,71,73,96,63,7.3,119922,148415853
130000000,79,23,147,38,6.5,136693,138540870
130000000,59,62,100,65,6.4,187983,118311368
130000000,74,75,107,68,7.4,137492,77591831
127500000,46,65,82,56,6.4,29266,137748063
125000000,50,45,124,47,6.4,243018,186740799
125000000,40,28,106,39,5.8,179789,163214888
125000000,29,25,98,32,5.2,119199,136314294
125000000,17,12,127,28,3.6,148805,107325195
120000000,52,37,92,45,5.6,159355,131921738
120000000,85,87,127,79,8.1,291648,124987022
120000000,48,26,110,35,5.2,137579,115802596
120000000,41,44,105,48,4.8,83949,100814328
120000000,59,68,97,61,6.7,185787,93050117
120000000,61,54,125,54,7,234406,89107235
120000000,40,81,75,66,5.4,25619,64956806
120000000,66,29,120,38,6.7,147452,57712751
117000000,49,53,109,46,6.3,111565,76423035
115000000,70,69,136,60,6.8,178036,132556852
115000000,37,27,109,43,5.8,48871,67163857
110000000,44,22,103,30,5.5,51760,142614158
110000000,61,36,129,47,6.7,283620,139259759
110000000,86,81,128,69,7.3,273121,134529403
110000000,61,55,125,58,6.3,208883,125531634
110000000,54,57,120,56,6.4,115528,125304276
110000000,81,62,168,63,7.1,160509,113330342
110000000,79,87,170,77,7.5,195363,102608827
110000000,44,43,119,39,5.9,111006,98780042
110000000,73,60,126,56,7.1,190317,85463309
110000000,66,47,119,47,6.8,165524,77222099
110000000,58,14,105,34,5.4,15320,71017784
110000000,52,51,106,55,6.4,112111,65452312
110000000,28,54,76,50,5.4,9776,50026353
110000000,16,3,125,23,3.6,49518,48097081
110000000,73,39,145,63,7.2,163143,47398413
109000000,30,10,82,19,3.7,28515,101018283
109000000,65,67,167,65,6.7,63926,58183966
105000000,41,66,83,61,5.9,68465,140015224
105000000,74,84,95,73,7.2,62513,104400899
105000000,38,8,109,34,5,89581,94784201
103300000,78,25,117,35,6.4,171451,101643008
103000000,45,19,112,30,5.9,124853,112200072
102500000,59,68,140,70,7,178877,97104620
102000000,79,91,140,80,7.7,302828,132024714
100000000,35,10,98,27,5.4,63755,148438600
100000000,76,72,141,63,7.2,148509,146282411
100000000,87,80,157,76,7.8,257179,130164645
100000000,71,87,81,66,7,99954,124870275
100000000,63,72,107,62,6.8,123134,118627117
100000000,39,36,115,56,6,66248,101295562
100000000,84,85,79,70,7.3,88136,89296573
100000000,68,65,102,51,6.8,176749,85028192
100000000,57,73,101,71,6.8,72971,77233467
100000000,33,11,122,33,5.7,73076,66889043
100000000,30,26,93,42,5.2,41984,59475623
100000000,70,78,85,64,6.8,42751,58867694
100000000,90,62,143,64,8,286495,57377916
100000000,64,50,90,53,7,50479,55675313
100000000,69,63,129,51,7.2,177968,54768952
100000000,32,26,102,32,5.3,42033,49438370
100000000,74,77,113,64,6.9,41316,48417850
100000000,18,9,101,27,3.3,69735,40202379
97000000,81,75,166,72,7.5,233130,77730500
95000000,88,76,152,74,7.7,222174,108638745
95000000,43,15,147,27,4.1,45678,95347692
95000000,54,49,83,47,5.9,101072,88768303
95000000,73,86,98,69,6.8,111913,81562942
95000000,87,71,126,52,7.6,258766,63570862
95000000,64,48,89,51,6.8,36246,50802661
95000000,52,32,135,42,6.7,97965,44114232
94000000,48,19,93,33,5.7,119397,131144183
92500000,63,80,97,62,6.6,52838,71195053
92000000,42,14,97,28,5.4,120779,67349198
90000000,71,72,99,63,7,113855,143619809
90000000,94,92,152,86,8.5,587488,133311000
90000000,45,67,98,52,5.5,120315,125305545
90000000,70,83,107,71,7,236578,110461307
90000000,86,86,157,71,7.9,238442,102515793
90000000,78,63,150,62,7.4,151814,100920329
90000000,84,51,128,58,7.6,229508,100012499
90000000,51,49,95,52,6.7,48632,84052762
90000000,64,73,145,65,7.1,188699,78616689
90000000,28,27,112,24,5.7,86006,73209340
90000000,57,41,110,39,6,49451,68559554
90000000,45,24,117,43,5.4,77971,65653758
90000000,76,66,127,63,7,99903,62362560
90000000,64,30,116,50,6.1,44609,61363304
90000000,58,37,131,42,6.7,62549,58220776
90000000,60,31,126,46,6.3,106092,51877963
90000000,32,44,102,55,5.4,46638,47546796
90000000,42,29,111,53,6,35113,42885593
88000000,91,80,144,69,8,121170,61649911
86000000,76,77,140,72,7.4,50285,120277854
85000000,80,93,108,75,7.2,108618,127706877
85000000,69,14,115,37,6.1,95989,119725280
85000000,75,70,122,62,6.9,189914,117144465
85000000,60,56,120,57,6.6,55942,112735375
85000000,78,71,150,67,7.3,151371,111549836
85000000,57,48,86,49,6.2,48328,85105259
85000000,49,68,99,59,6.2,86133,78046570
85000000,32,31,100,35,4.8,20473,66941559
85000000,45,49,95,46,5.6,53650,64935167
85000000,80,47,135,52,6.9,135522,63280000
85000000,71,36,98,46,5.9,112146,62615510
85000000,83,35,105,54,7.3,98933,57010853
85000000,83,54,131,53,7.6,138473,51396781
85000000,45,39,131,44,6.1,84384,50016394
85000000,67,71,105,59,6.7,67214,47641743
85000000,77,91,97,69,7.1,25208,46462469
85000000,38,14,82,30,4.2,7944,45539292
85000000,81,51,181,43,7.1,131215,44650003
85000000,27,18,105,33,5.4,49833,40048332
85000000,25,25,95,32,5.5,43752,37948765
84000000,33,26,107,38,4.3,32409,123307945
84000000,64,42,116,47,6.7,67500,53262560
82500000,63,78,97,68,6.4,20960,82985708
82500000,45,16,88,35,6,186565,81168265
82500000,70,87,120,78,7.1,166928,75986503
82000000,65,41,103,45,6.5,192777,103068524
82000000,32,41,123,49,5.9,83036,34543701
80000000,70,71,123,66,6.8,73322,124685242
80000000,48,25,89,41,5.6,38258,120146040
80000000,83,91,138,82,7.3,221285,112276146
80000000,57,25,95,33,6.1,56341,110101975
80000000,60,19,116,33,6.4,122706,103028109
80000000,36,45,104,42,5.4,131998,102543518
80000000,62,26,117,43,6.6,125006,101440743
80000000,76,55,115,52,6.8,176867,101117573
80000000,77,71,154,73,7.2,98410,95632614
80000000,64,48,118,53,6.9,167397,94835059
80000000,32,23,93,37,4.9,42558,92993801
80000000,52,22,93,38,5.5,52279,82226474
80000000,42,14,101,30,5.1,33584,80360866
80000000,27,21,103,40,5.5,115183,79366978
80000000,65,52,135,49,6.7,58717,76118990
80000000,36,36,101,51,5.7,50589,74339294
80000000,76,69,83,52,6.9,28522,73215310
80000000,61,26,97,32,6.5,132063,69772969
80000000,24,29,130,42,5,49822,69117629
80000000,63,81,130,76,6.6,72720,65948711
80000000,29,25,102,34,4.8,50072,63313159
80000000,75,82,90,59,7.3,21036,60507228
80000000,38,29,96,42,5.9,86684,56684819
80000000,85,54,113,44,6.9,65207,55485043
80000000,49,26,129,47,5.9,52928,45575336
80000000,57,22,84,38,5.3,64762,39442871
80000000,38,39,89,45,6.3,126458,38577772
80000000,48,43,102,40,6,84556,38311134
80000000,39,38,118,51,5.9,79448,37899638
80000000,53,52,108,52,6.3,136750,37771017
80000000,36,20,82,47,5.4,15634,37384046
80000000,80,83,145,67,7.3,38740,34566746
79000000,60,42,94,41,5.8,48398,103860290
78000000,67,69,95,59,6.5,19725,119151927
78000000,74,69,125,60,7.2,159789,92955420
78000000,65,46,135,54,6.6,57766,67286731
78000000,44,17,110,30,5.7,107154,66465204
78000000,28,11,114,30,5.1,24762,41814863
76000000,84,93,109,84,7.9,292208,35552383
75000000,85,91,117,81,6.9,76518,118871849
75000000,71,78,130,76,6.6,44083,103365956
75000000,18,21,77,36,4.1,28960,97387965
75000000,49,35,110,46,6.1,111110,83504017
75000000,65,62,120,56,7.1,136779,83077762
75000000,74,60,128,55,7.3,216388,77073959
75000000,73,46,120,50,6.9,176227,75976178
75000000,63,74,91,68,6.7,51114,73661010
75000000,42,48,124,48,5.8,41357,68473360
75000000,74,81,102,69,7.1,75286,66661095
75000000,78,50,108,63,6.6,27584,64062587
75000000,43,30,119,37,5.6,52167,55849401
75000000,83,78,163,74,7.7,146437,47379090
75000000,41,11,100,21,5.3,55751,47059963
75000000,70,33,121,48,6.6,74200,43632458
75000000,49,24,109,36,5.7,66958,42285169
75000000,61,53,130,48,6.5,54734,42044321
75000000,59,65,122,60,6.6,49087,41523271
75000000,65,51,147,56,6.7,26671,39251128
75000000,47,23,110,33,6.1,156179,36392502
75000000,63,35,73,44,6.6,80256,34636443
75000000,28,30,116,47,5.3,27159,30207785
73243106,77,68,107,62,7.2,198449,94999143
73000000,35,40,107,52,5.9,54731,55591409
73000000,39,12,152,35,6,64063,37068294
72500000,48,11,112,29,5.6,44550,70231041
72500000,48,68,146,60,6.4,86754,51855045
72500000,54,78,122,65,6.3,252457,47467250
72000000,85,78,177,68,8.4,518035,75545647
72000000,68,61,122,58,7.1,114674,62647540
72000000,34,14,117,29,4.4,30076,32616869
71682975,57,43,109,44,6.5,154992,114197520
70000000,81,67,105,65,7.5,208931,101068340
70000000,73,40,136,45,6.9,167379,100614858
70000000,68,48,119,41,6.5,128015,98927592
70000000,48,35,116,37,5.8,129981,83552429
70000000,39,21,87,29,5.5,110703,80281096
70000000,74,77,146,72,7.3,86354,79883359
70000000,84,63,139,65,7.1,77418,78120196
70000000,45,55,102,64,6.4,46182,70187658
70000000,90,77,125,58,8,293570,66432867
70000000,62,26,88,39,6.4,85838,62321039
70000000,83,88,140,62,7.6,105616,54243125
70000000,29,24,110,46,5.3,36006,48475290
70000000,54,45,120,53,6.3,47710,40934175
70000000,86,76,127,66,7.8,171655,38634938
70000000,55,41,123,47,5.9,47613,38518613
70000000,74,61,134,55,7,73414,37945884
70000000,46,72,107,64,6.1,63727,37760080
70000000,36,10,116,37,5.6,34331,30157016
70000000,34,19,104,34,5.2,72764,28212337
69000000,43,42,114,56,5.9,64429,73026337
68000000,67,73,123,71,6.8,85175,71069884
68000000,36,30,134,35,5.5,62818,33685268
68000000,58,60,121,65,6,46762,29762011
68000000,91,96,157,84,7.9,111498,28965197
67500000,62,54,128,57,7.1,135769,39394666
67500000,51,35,105,42,6,98866,37519139
67500000,53,20,116,31,5.6,50456,36931089
66000000,51,38,113,54,6.2,70632,87707396
65000000,52,40,100,51,6.6,212905,100539043
65000000,68,55,98,51,6.8,157115,100468793
65000000,61,50,104,39,6.7,133399,100458310
65000000,72,83,136,63,6.7,106497,93828745
65000000,52,78,135,73,6.4,49180,90454043
65000000,51,69,113,60,6.3,74959,84049211
65000000,45,53,110,61,5.9,65688,70645997
65000000,60,68,129,66,6,58410,70278893
65000000,49,49,90,45,6,29337,69688384
65000000,61,35,107,45,6.3,49144,63803100
65000000,45,57,83,58,6.4,155235,59650222
65000000,73,77,165,68,7.3,177926,55691208
65000000,60,26,113,38,5.9,98803,52397389
65000000,80,49,131,53,7.1,34228,43545364
65000000,64,80,143,70,6.7,21616,39017984
65000000,96,81,139,66,8.9,888238,37030102
65000000,62,43,105,43,6.4,130903,36316032
65000000,71,67,120,44,6.7,50147,33447612
65000000,44,40,136,45,6.2,43537,32598931
65000000,50,75,113,67,6.1,47250,28045540
65000000,51,58,82,55,6.5,23481,26900336
64000000,55,12,90,26,4.1,31615,58636047
64000000,24,15,133,38,5,15202,31054924
62000000,61,68,117,62,6.5,55699,77086030
62000000,78,90,113,67,6.8,37280,60022813
61000000,68,64,109,55,6.8,78011,75612460
60000000,32,54,87,47,5.2,37354,93375151
60000000,60,42,102,42,6,66995,93354918
60000000,50,95,83,72,6.6,97301,90757863
60000000,38,41,92,45,5.5,75721,90580000
60000000,72,71,111,60,7.1,178753,90380162
60000000,50,63,100,55,6.1,100687,88200225
60000000,62,41,107,60,5.8,46879,82670733
60000000,58,6,93,34,5.3,31007,82571173
60000000,42,36,133,50,5.6,45770,80574010
60000000,67,61,130,50,7,148572,80070736
60000000,90,39,146,47,7.8,202905,77906816
60000000,68,53,125,42,6.7,71951,75764085
60000000,62,84,107,70,6.7,144783,75658097
60000000,74,50,165,52,6.8,83940,75530832
60000000,72,73,168,65,6.5,26983,75383563
60000000,72,90,101,80,7.7,108734,75286229
60000000,38,56,100,54,5.7,80397,73648228
60000000,24,17,90,34,5.1,135154,64506874
60000000,57,73,100,62,6.2,47932,63939454
60000000,55,36,127,45,6.3,32234,61322858
60000000,40,26,98,43,4.4,12112,61123569
60000000,65,81,122,72,6.8,190372,59623958
60000000,55,60,112,68,6.5,19962,56709981
60000000,72,87,93,72,7,52514,56003051
60000000,53,15,125,36,6.3,73034,54956941
60000000,46,27,119,43,6.2,76256,53789313
60000000,45,56,94,53,6.1,25819,50877145
60000000,30,22,98,30,5.2,47191,50586000
60000000,43,15,115,34,4.9,35845,48478006
60000000,41,52,108,63,6.3,126005,47795018
60000000,80,48,125,53,7.2,190522,47003582
60000000,73,20,105,46,6,43895,46850558
60000000,58,32,110,40,6.8,126402,46000903
60000000,23,14,97,34,4.9,63825,43337279
60000000,49,58,108,55,6.6,62118,43313890
60000000,51,37,116,51,6.4,46388,43254409
60000000,50,40,101,39,6.1,85626,43061982
60000000,40,21,91,39,6.1,33092,42194060
60000000,62,57,105,57,6.6,11171,40869415
60000000,38,19,103,36,6,62606,40081410
60000000,73,84,127,64,7.2,94844,37017955
60000000,40,33,99,48,6.1,37869,36280697
60000000,48,75,100,71,6.3,62942,35327628
60000000,34,31,109,55,5.7,15974,33956608
60000000,92,88,123,90,8,164969,32522352
60000000,40,27,95,37,5.8,56396,32122249
60000000,57,56,117,61,6.7,36734,31720158
60000000,61,12,130,33,6,59935,31165421
60000000,66,43,127,47,6.7,37846,30695227
60000000,63,7,103,25,6,27056,30063805
60000000,46,16,83,41,5.7,77983,29136626
60000000,33,16,101,37,4.2,40144,26873932
60000000,62,24,95,35,6.7,86643,26673242
60000000,57,45,86,48,6.6,26343,26483452
60000000,28,46,105,52,5.5,38528,25473093
58000000,46,36,102,36,5.6,66674,53715611
58000000,58,40,120,46,5.9,23045,49876377
58000000,75,56,95,47,6.8,65636,48318130
58000000,54,34,119,42,6.4,85588,44672764
58000000,20,25,90,27,3.5,11955,35231365
58000000,38,52,114,56,6.1,24289,31373938
58000000,27,12,104,27,4.6,23714,29580087
57500000,49,23,97,37,5.9,104331,60128566
57000000,80,66,130,60,7.5,198065,61007424
57000000,53,18,100,38,6.3,32609,28328132
57000000,51,29,127,36,5.9,24186,25528495
56000000,61,25,86,44,6.2,40066,46213824
55000000,46,23,99,33,5.5,35506,71724497
55000000,74,48,125,42,7,119672,71565669
55000000,80,85,111,69,8.2,498753,70098138
55000000,60,80,97,71,6.4,49312,66458769
55000000,89,84,137,83,8,380577,66207920
55000000,65,79,110,77,6.6,74269,56932305
55000000,47,18,90,38,5.7,6294,55533067
55000000,60,64,104,57,6.6,73457,52075270
55000000,85,33,143,40,7.4,77847,51225796
55000000,69,64,134,45,6.3,25336,50047179
55000000,80,68,118,67,7.3,122805,41610884
55000000,64,37,119,47,6.3,46055,39440655
55000000,82,62,141,63,7.8,162302,35739802
55000000,40,17,101,36,5.7,78341,34353000
55000000,47,30,94,40,6,29692,34234008
55000000,68,27,123,43,6.5,23276,34105207
55000000,39,10,92,36,5.5,94579,25857987
54000000,68,59,116,52,6.7,118484,81676888
54000000,50,21,109,46,5.6,57092,75802010
54000000,75,27,123,36,7.6,179800,69951824
54000000,78,68,170,60,7.6,188028,66520529
54000000,66,28,123,45,6.4,50109,26850426
53012938,41,68,98,50,5.9,50299,70327868
53000000,47,13,104,33,5,55545,80270227
53000000,75,25,109,34,7.4,164868,73357727
53000000,90,76,126,66,7.7,184641,57386369
53000000,38,23,89,29,5.5,18306,45207112
53000000,69,73,131,79,7.1,83705,33602376
53000000,87,83,192,77,7.7,129667,25031037
53000000,72,78,98,57,5.8,5426,22852487
52000000,93,80,182,73,8.2,233106,42438300
52000000,48,25,113,39,6.4,108496,37081475
52000000,80,79,180,78,7.6,113341,36400491
52000000,79,63,118,58,7.5,84217,34580635
52000000,54,37,92,42,6.5,80457,24077427
52000000,38,23,104,40,5.4,36485,23010607
50200000,67,72,99,60,7.1,158736,62495645
50000000,42,33,121,41,6.2,151420,79957634
50000000,34,20,110,44,5.3,55230,75941727
50000000,72,66,126,58,7.2,82304,75624550
50000000,86,94,133,87,7.6,215775,75605492
50000000,38,15,81,27,4.9,43621,75367693
50000000,37,5,94,22,5.1,20017,73701902
50000000,90,73,145,62,8.2,549561,70511035
50000000,36,31,91,43,5.8,49625,66711892
50000000,39,42,100,47,4.7,27712,66010682
50000000,54,66,114,58,6.2,60855,60470220
50000000,70,69,82,62,6.6,10792,58640119
50000000,63,44,110,49,6.8,135393,56758835
50000000,54,15,87,21,6.1,110469,55703475
50000000,50,24,110,38,6.3,34337,54997476
50000000,69,49,124,63,6.7,50000,52752475
50000000,68,72,128,76,7,91413,50824620
50000000,61,21,94,35,6.1,121665,50740078
50000000,52,45,125,52,6.7,32221,50068310
50000000,85,71,128,61,7.8,190518,48265581
50000000,54,55,124,62,5.8,50263,48169156
50000000,63,29,125,30,6.6,132090,46982632
50000000,67,40,118,30,6.5,38977,44737059
50000000,36,10,109,16,5.4,45920,42586861
50000000,40,41,124,43,5.9,39729,41263140
50000000,61,27,107,44,5.8,51885,40203020
50000000,58,19,120,43,6.6,129191,39778599
50000000,32,20,92,38,3.4,13175,39177684
50000000,54,26,99,34,6.4,48995,38122883
50000000,62,23,119,38,5.9,24994,37485528
50000000,77,54,138,43,6.5,21836,35188640
50000000,42,9,88,30,4,8758,33644788
50000000,38,46,126,56,6.5,68605,32746941
50000000,73,57,137,58,7.2,91617,28644813
50000000,56,15,121,35,6.2,67895,27669725
50000000,59,28,94,37,5.9,16048,27100030
50000000,50,8,126,35,5.9,59144,26623701
50000000,65,21,98,34,6.5,42143,26599248
50000000,40,53,111,64,6.4,28479,26199517
50000000,37,59,118,52,6.5,70089,25450527
50000000,32,1,96,26,5.1,14512,25195050
50000000,89,97,86,85,7.9,94300,23159305
50000000,36,6,92,35,5.9,34881,21302340
49000000,52,14,87,25,5.9,66083,43905746
49000000,75,76,134,74,7.4,96402,37491364
48000000,78,67,109,72,6.8,61629,69304264
48000000,64,28,118,45,6.6,91492,66488090
48000000,77,94,115,82,7.2,115379,60652036
48000000,42,18,101,36,5,21835,60022256
48000000,64,44,112,52,6.4,80101,56607223
48000000,86,88,122,76,7.8,189326,53606916
48000000,75,41,121,49,7.3,113193,50315140
48000000,63,50,118,44,6.3,51257,47095453
48000000,43,49,93,49,5.9,67329,37879996
48000000,75,93,120,85,7.1,61716,37562568
47500000,69,37,91,46,7.1,145466,42754105
47000000,67,49,131,43,6.5,19273,29781453
46000000,76,92,118,78,7.2,167776,67263182
46000000,87,82,153,74,8.1,158415,61002302
46000000,64,85,115,77,6.6,31246,59003384
45000000,78,89,102,70,7.3,100239,71423726
45000000,53,15,82,29,5.1,92350,71277420
45000000,78,55,120,45,7.1,143491,70141876
45000000,85,65,136,57,7.2,68347,67264877
45000000,51,13,110,22,5.4,70209,67061228
45000000,54,77,98,69,6.5,48839,66790248
45000000,24,38,89,37,4.5,57622,65598907
45000000,72,16,100,36,6.7,120930,62318875
45000000,72,22,100,27,5.5,73273,60786269
45000000,73,63,135,55,7.7,241874,59472278
45000000,50,17,114,31,5.7,35957,58617334
45000000,65,69,133,60,6.3,30540,53854588
45000000,52,6,88,38,5.3,16946,53359917
45000000,44,41,94,45,5.5,24677,52842724
45000000,58,22,94,41,6.3,120211,50648679
45000000,45,23,94,39,4.3,7707,48114556
45000000,68,54,111,52,6.3,16614,38399961
45000000,58,55,101,63,6.6,96995,36895141
45000000,59,55,94,60,6.5,66258,32003620
45000000,43,63,89,59,5.9,24504,28142535
45000000,51,33,88,51,6,89636,28013509
45000000,44,31,86,42,5.4,12829,25200412
45000000,82,53,133,56,7.5,78261,24343673
45000000,71,68,119,69,7.4,119489,22911480
45000000,26,6,90,26,5.5,67864,22532572
45000000,59,78,124,71,6.8,36129,19719930
44000000,85,74,147,49,7.5,126894,53300852
44000000,61,27,98,37,6.4,32983,31206263
43000000,79,73,136,62,7.3,64296,51768623
43000000,51,31,103,46,5.9,28167,37035515
43000000,75,65,102,58,7.1,71147,24537621
43000000,66,26,91,32,5,38639,24430272
42500000,51,53,92,49,6.5,88492,29121498
42000000,67,38,105,40,6.5,54708,45290318
42000000,57,52,119,52,6.5,53146,35228696
42000000,43,2,91,22,5.3,26576,26414527
42000000,38,33,110,34,6.1,37475,24375436
42000000,85,61,122,62,7.6,202914,24149632
42000000,45,39,131,44,6.1,84384,19487173
41000000,80,58,140,54,6.8,107931,56083966
41000000,28,18,88,38,5,21298,22108977
40000000,63,73,109,65,6.4,121152,61153526
40000000,63,37,106,49,6.4,69626,58855732
40000000,82,83,118,63,7.3,128235,58009200
40000000,57,46,95,47,6,28421,57887882
40000000,56,27,89,35,5.9,13327,57012977
40000000,37,19,99,34,5.2,43533,54979992
40000000,88,73,131,61,7.7,85019,54228104
40000000,92,76,130,66,8.5,546512,53089891
40000000,73,35,98,52,6.8,90661,52330111
40000000,51,63,107,51,6.4,136170,52000688
40000000,79,66,138,68,7.8,191522,50866635
40000000,68,62,96,59,6.6,63036,50572589
40000000,66,47,95,46,6.6,112388,47958031
40000000,58,37,103,47,6.5,70258,47907715
40000000,55,14,101,37,5.8,41990,46012734
40000000,77,82,135,72,7,34879,45916769
40000000,79,76,155,63,7.2,44600,44229441
40000000,52,61,92,50,5.9,63352,42587643
40000000,60,64,98,56,6.2,30148,42071069
40000000,55,20,103,24,5.4,16809,37752931
40000000,61,71,100,57,7.1,143452,37412945
40000000,67,27,108,45,6.4,59284,36665854
40000000,53,23,124,19,6.4,88882,36443442
40000000,35,12,95,33,4.6,8720,36037909
40000000,80,59,138,62,7.2,56195,34416893
40000000,42,45,102,49,5.8,26375,33864342
40000000,78,40,123,40,7.1,78218,33508922
40000000,44,25,101,41,5.7,42258,32862104
40000000,51,55,107,57,6.5,46452,31011732
40000000,70,16,116,45,4.7,27965,30981850
40000000,37,16,118,30,5.7,22507,30199105
40000000,44,3,107,17,5,10698,29374178
40000000,83,46,135,53,7.1,35454,29077547
40000000,32,25,91,33,5.2,8743,28544120
40000000,33,11,105,27,4.7,11734,27053815
40000000,62,42,115,50,6.8,65149,26814957
40000000,77,16,119,27,6.6,55383,25288103
40000000,50,8,99,36,5.7,32996,25126214
40000000,31,10,92,28,5.4,60895,24827228
40000000,53,17,129,44,6,11784,24172899
40000000,41,48,108,50,6.2,18902,22433915
40000000,47,32,128,40,5.9,9771,22365133
40000000,41,23,81,41,3.9,20260,21176322
40000000,36,17,131,16,4.4,41165,20350754
40000000,85,81,113,73,7.6,103649,19019882
39000000,24,26,125,42,4.9,36939,59950623
39000000,70,87,90,74,7,52123,35287788
39000000,92,82,119,74,8,194648,25514517
38000000,61,28,112,39,6.5,62772,53374681
38000000,88,83,146,74,7.5,60291,50699241
38000000,55,58,119,49,6.4,67938,42025135
38000000,52,53,123,47,6.2,37869,40334024
38000000,68,22,111,25,5.5,23395,39177215
38000000,42,23,111,36,6.1,74236,31811527
38000000,90,89,123,75,8.3,124401,26947624
38000000,58,41,132,44,6.7,112827,18653746
37500000,48,22,109,41,5.6,40722,41152203
37500000,60,85,138,86,7.1,67953,16247159
37000000,46,51,94,55,6,23339,48006762
37000000,40,19,110,31,5.7,63289,44875481
37000000,41,21,114,38,6,60636,33047633
37000000,33,34,81,36,4.6,7370,30105968
37000000,90,84,188,77,8,203658,22450975
36000000,56,63,100,63,6.5,109434,50269859
36000000,28,25,104,37,5.7,26550,23360779
35200000,48,31,95,44,5.3,12963,37788228
35000000,61,34,86,41,6.4,44597,54149098
35000000,80,36,109,38,6.9,26932,52333738
35000000,44,5,88,19,5.3,25103,49492060
35000000,92,91,201,72,7.7,50308,48169910
35000000,51,35,98,46,5.9,21497,43894863
35000000,53,7,91,25,5.2,26787,43799818
35000000,89,87,115,76,7.8,175981,41954997
35000000,30,16,100,31,5.4,90536,40687294
35000000,68,33,100,33,6.7,158242,40119709
35000000,43,55,104,56,6.2,69058,39692139
35000000,76,38,100,52,6.7,6838,37629831
35000000,51,36,109,53,6.6,208022,37553932
35000000,45,18,104,34,5.1,30678,37490007
35000000,33,52,106,52,5.7,15093,36805288
35000000,81,68,103,65,7.3,140305,33987757
35000000,34,14,95,32,4.6,24272,33422806
35000000,96,96,148,85,8.5,326293,32519322
35000000,42,25,113,41,5.3,74804,32064800
35000000,66,57,137,54,6.9,100639,31598308
35000000,67,17,101,30,5.1,36348,30307804
35000000,52,16,101,32,6.2,35702,28687835
35000000,43,4,105,25,4.9,50349,28087155
35000000,70,81,111,63,6.4,28819,27107960
35000000,32,16,86,33,4.5,41595,26638520
35000000,56,59,112,48,6.5,40033,26613620
35000000,48,41,102,43,6.2,45715,25266129
35000000,67,47,155,57,6.6,27241,25078937
35000000,61,65,100,66,6.6,24763,23483357
35000000,57,50,96,53,6.3,32346,22913677
35000000,32,32,104,47,5.9,64337,20982478
35000000,60,76,90,66,6.5,70574,20275446
35000000,30,31,76,45,5.6,12620,19478106
35000000,83,81,112,73,7.4,49530,19389454
35000000,57,74,96,63,6.7,48339,18317151
35000000,66,41,130,49,6.5,23840,18306166
35000000,31,8,91,23,3.6,9922,17630465
35000000,49,41,118,43,6.2,58367,17616641
35000000,57,60,98,59,6.3,42791,16862585
35000000,42,26,119,39,5.7,7556,15325127
35000000,19,10,107,14,3.6,24294,15185241
35000000,48,27,92,47,6.2,35751,14998070
34800000,26,12,89,16,4.9,40418,21443494
34000000,76,80,138,83,7.3,28810,32014993
34000000,83,92,101,86,7.7,58304,15090399
33000000,46,32,95,39,5.5,23697,51758599
33000000,69,42,98,43,6.5,29877,35074677
33000000,50,68,106,58,5.7,102141,34020814
33000000,64,29,123,33,6.4,98286,33664370
33000000,29,10,97,22,5.3,19520,28946615
33000000,60,57,94,55,6.5,57020,17142080
32500000,79,61,123,58,7.6,145999,34194407
32500000,41,7,89,28,5.5,22512,21819348
32500000,40,59,80,53,5.6,48660,17288155
32000000,64,22,102,28,6.2,47134,50041732
32000000,82,41,129,56,7.1,72734,48814909
32000000,58,5,107,22,4.2,14569,37915414
32000000,79,64,106,59,6.9,8288,33022286
32000000,76,87,95,81,7.5,153522,31493782
32000000,34,36,100,44,5.9,43528,22537881
32000000,54,55,105,49,6.4,55808,18552460
32000000,47,17,89,38,5.8,15522,17848322
32000000,71,71,118,70,6.8,46262,16640210
32000000,41,22,119,32,6.3,73449,13942007
31000000,81,70,121,67,7.3,66554,44983704
31000000,65,50,101,55,6.9,26488,24185781
31000000,54,28,106,45,6.5,11963,12482741
30000000,48,52,92,56,5.1,20912,44338224
30000000,61,14,81,35,5.5,21634,43746923
30000000,64,46,97,45,6.1,33072,42400223
30000000,62,92,99,83,6.7,125286,42100625
30000000,73,92,95,72,7.1,192893,42073277
30000000,84,59,107,52,7.6,35406,42070939
30000000,85,72,113,67,7.7,156828,40435190
30000000,66,72,111,65,6.8,129632,40259119
30000000,56,51,113,53,6.6,113026,39568996
30000000,79,90,94,81,6.9,38358,38747385
30000000,82,42,120,52,6.9,24899,38432823
30000000,87,95,127,78,7.6,43993,38413606
30000000,25,2,84,9,2.6,76531,38233676
30000000,25,6,94,11,3.6,29076,35927406
30000000,47,48,99,53,6.1,52188,35266619
30000000,77,44,108,55,6.6,18103,34742066
30000000,53,49,112,55,6.6,102371,32367005
30000000,36,10,97,37,5.4,10521,32267774
30000000,71,83,106,75,7.1,98448,32172757
30000000,37,37,113,49,5.9,32412,31749894
30000000,59,28,110,47,5.9,23320,28165882
30000000,80,90,73,74,7.3,11833,26692846
30000000,68,75,107,75,6.9,19743,26528684
30000000,24,10,96,19,3.4,24108,26214846
30000000,33,33,105,39,5.5,19791,23998226
30000000,71,89,128,63,7,7989,23337196
30000000,58,59,92,55,6.4,233047,21800302
30000000,66,52,133,52,7.4,111853,21148651
30000000,38,21,107,36,5.2,12789,20422207
30000000,48,60,108,54,6.3,58480,20040895
30000000,38,36,86,40,6.1,16720,19528602
30000000,34,9,91,36,5.6,26663,19316646
30000000,48,36,87,42,6.1,20693,19035741
30000000,30,9,88,18,4.4,61047,18522064
30000000,76,68,127,68,7.2,27353,18324242
30000000,59,72,101,64,6.4,68631,18298649
30000000,32,48,99,53,5.4,36040,17266505
30000000,37,74,100,66,5.8,65736,17010170
30000000,44,5,107,17,5.9,55850,16930884
30000000,41,4,99,24,5.4,38423,16323969
30000000,50,35,130,45,6.7,45864,15740721
30000000,28,11,97,30,5,23691,15007991
30000000,21,4,102,24,4.8,20311,14334645
30000000,80,24,114,40,7,37396,13001257
30000000,58,62,150,69,6.7,58823,12712093
30000000,55,60,107,54,6.4,81139,12050299
29000000,60,69,127,60,6.5,39905,37036404
29000000,88,92,123,80,7.8,76020,18622031
29000000,40,32,86,46,4.9,22280,17016190
29000000,27,5,99,18,5.2,12101,16930185
29000000,76,79,113,67,7.1,60046,16007718
28000000,62,41,104,50,6.3,47815,43107979
28000000,90,85,128,82,7.8,140147,38372662
28000000,41,45,83,49,6.2,62990,37053924
28000000,91,91,114,88,8.3,346095,32656328
28000000,76,72,139,55,6.9,29379,31390587
28000000,61,29,103,41,6.8,110009,28795985
28000000,61,57,117,59,6.9,62862,28563179
28000000,48,13,103,29,5.3,34317,17326650
28000000,22,7,102,16,4.8,8599,16779636
27500000,63,22,114,46,5.2,9040,42436517
27500000,66,33,118,44,5.6,5337,30932113
27500000,83,87,91,73,7.5,54274,17510118
27000000,54,93,101,75,7.1,116952,40803000
27000000,39,22,89,37,3.5,10689,38536376
27000000,36,39,82,33,5.6,33820,31770413
27000000,40,22,109,25,6.2,44805,13261851
27000000,31,14,89,31,3,6024,12834849
26000000,31,20,100,32,5.1,63033,40168080
26000000,30,29,94,40,5.2,9725,36985501
26000000,81,76,133,64,7.2,22842,33200000
26000000,62,63,110,58,7.2,66510,28544157
26000000,32,13,93,32,4.4,8274,23514247
26000000,62,12,112,33,6,36216,16521410
26000000,18,13,110,33,5.2,9481,14469428
25500000,82,84,128,82,7.5,91293,33579798
25100000,72,44,169,50,7.1,339173,25534493
25000000,39,41,80,38,5.5,4096,39402572
25000000,78,77,119,66,6.6,35595,39053061
25000000,64,77,86,69,5.8,26283,38230435
25000000,69,51,97,58,6.6,45525,36833473
25000000,63,37,105,53,5.4,10223,36351350
25000000,62,35,100,41,5.8,34695,35990505
25000000,37,23,104,36,5.5,34735,35623801
25000000,57,5,101,19,5.6,63410,35017297
25000000,53,26,99,36,5.7,28575,34657731
25000000,49,50,87,56,6.2,65951,33302167
25000000,82,37,114,38,7.6,69365,31664162
25000000,27,26,93,40,4.5,17393,31526393
25000000,87,81,124,75,7.6,63031,30082699
25000000,99,90,142,80,9.3,1167440,28241469
25000000,30,18,83,40,3.4,8908,25662155
25000000,25,11,92,37,4.7,16280,25590119
25000000,70,50,113,43,6.9,51164,25023424
25000000,58,52,98,55,6,14362,24381334
25000000,34,58,76,56,5.6,33764,24046682
25000000,54,49,98,44,6.4,61847,23591432
25000000,69,74,90,63,6.8,34874,22032635
25000000,78,41,107,48,6.6,47813,21835784
25000000,84,80,137,63,6.9,29212,21567853
25000000,22,17,85,22,3.9,17239,18877153
25000000,78,79,95,78,7.3,83720,17791031
25000000,30,48,90,44,5.9,51173,17432844
25000000,25,34,117,48,5.6,28400,16973715
25000000,54,31,89,43,4.9,6868,16655224
25000000,39,2,98,23,4.5,10592,15567860
25000000,83,62,115,55,7.5,17334,15331289
25000000,23,45,116,47,5.6,62492,15051977
25000000,36,19,108,25,4.6,8355,14983572
25000000,27,9,108,25,4.7,13281,14744435
25000000,70,55,108,47,6.8,138234,14589444
25000000,24,19,84,36,4.6,2990,14543943
25000000,40,9,85,25,5,10105,13973532
25000000,64,39,87,43,6.7,46900,13938332
25000000,92,83,139,71,8.3,215190,13657115
25000000,82,52,145,54,7.3,14478,13038660
25000000,62,55,122,55,7,19534,11538204
25000000,55,63,74,65,6.4,6242,11411644
25000000,84,77,117,60,7.1,19550,11092559
25000000,26,65,111,61,6.5,15664,10915744
25000000,32,17,98,36,4.8,7198,10719367
25000000,34,41,109,45,5.8,21951,10324441
25000000,68,31,101,44,6.4,15994,10115014
25000000,58,65,102,52,6.4,10505,10103647
25000000,64,7,106,35,6.1,4657,10039566
24000000,80,61,113,54,6.9,14322,32662299
24000000,39,52,94,54,6.3,90513,32428195
24000000,67,65,101,56,6.7,125398,31457946
24000000,50,12,88,25,5.3,4883,29823162
24000000,84,54,127,51,7.3,95491,28871190
24000000,45,84,108,69,6.3,27672,25170054
24000000,44,73,89,53,5.6,60392,25003155
24000000,47,52,96,52,5.6,19301,16980098
24000000,53,23,106,23,5.3,10434,12372410
24000000,32,17,89,38,4.7,12949,9659074
23000000,58,43,97,32,6.1,16306,27338033
23000000,65,73,96,75,6.6,44151,21973182
23000000,40,80,93,67,5.8,60072,18942396
23000000,56,64,114,59,6.1,12808,18653615
23000000,50,51,137,53,6.2,15033,16123851
23000000,38,20,87,37,5.6,3545,13019253
23000000,63,80,98,68,6.7,15764,12803305
23000000,63,40,94,52,4.9,2770,11511323
23000000,75,67,105,65,7.2,15008,10660147
22000000,43,79,108,66,6.5,44956,33316821
22000000,51,39,103,44,6.4,6993,30257078
22000000,75,54,104,51,6.9,108217,30059386
22000000,64,63,114,60,7,43783,23530831
22000000,34,9,83,23,4.6,34255,22400154
22000000,52,18,95,22,5.9,28412,19351569
22000000,40,21,106,34,5.7,21372,17951431
22000000,52,53,99,47,5.3,16688,14252830
22000000,55,55,105,45,5.7,5388,13555988
22000000,76,62,106,55,6.8,50974,12784713
22000000,23,16,77,44,3.8,7017,9818792
21500000,75,62,118,65,7.2,60862,24419219
21000000,74,54,92,51,6.8,177036,25296447
21000000,34,22,113,39,6.6,61054,24850922
21000000,65,83,128,85,7.1,113346,24149393
21000000,28,9,102,31,4.9,12901,21731001
21000000,42,38,119,47,6.1,12831,16289867
21000000,74,67,98,58,7.1,39051,9451946
20000000,89,94,128,84,7.7,107486,31841299
20000000,66,77,113,65,6.9,46375,31177548
20000000,38,13,91,28,5.4,61839,30113491
20000000,49,67,98,57,6.5,85929,30101577
20000000,74,79,111,69,7.3,127124,30060660
20000000,54,64,108,52,6.5,75825,29795299
20000000,35,11,103,33,5.5,18721,29062561
20000000,90,91,113,79,7.6,117546,27277055
20000000,73,31,103,53,6.3,17982,26910736
20000000,58,36,109,55,6.8,82112,26415649
20000000,73,89,109,81,7.1,90152,26004851
20000000,77,64,107,52,7.3,162041,25728961
20000000,43,17,105,28,5.8,31362,25702053
20000000,41,16,88,36,5.3,8776,25107267
20000000,62,3,97,19,5.2,33049,23364784
20000000,55,9,86,24,4.9,22051,23086480
20000000,49,22,124,50,6.2,29403,22991379
20000000,29,37,100,47,4.6,32554,21541218
20000000,64,87,106,86,6.8,29189,21284514
20000000,48,35,107,42,6.1,35008,20268825
20000000,55,76,115,64,6.8,43064,20211394
20000000,47,5,90,15,4,4873,19762690
20000000,82,64,124,61,7.6,73987,19661987
20000000,47,14,101,34,5.9,30850,19219250
20000000,52,17,113,25,5.9,17679,18882880
20000000,89,82,148,73,8.2,285731,18354356
20000000,77,44,113,39,6.9,16386,18253415
20000000,70,79,67,64,6.3,3052,18098433
20000000,53,25,101,44,6,23868,17807569
20000000,36,5,94,15,5.1,36411,17530219
20000000,73,63,103,56,6.6,7797,17468887
20000000,52,23,90,31,6.2,30407,17231291
20000000,89,90,95,78,7.8,78959,17104669
20000000,32,30,88,37,3.9,3228,16988996
20000000,86,80,126,70,7.8,151660,16248701
20000000,31,41,88,50,5.7,22674,15988876
20000000,85,65,127,61,7.7,58431,15800078
20000000,39,18,84,38,5.8,12181,15712072
20000000,36,24,101,27,5.6,12159,15543862
20000000,20,1,88,15,1.9,62735,14190901
20000000,44,23,106,35,6,42579,14011084
20000000,27,7,99,31,4.7,23117,13548322
20000000,78,19,123,38,6.3,4845,13395961
20000000,61,85,102,72,6.8,52180,13252641
20000000,73,87,118,84,7.2,21215,12987647
20000000,56,58,101,61,6.7,60425,12482775
20000000,47,48,94,58,6.1,15977,12398628
20000000,46,29,107,38,5.6,18538,12234694
20000000,76,88,116,79,7.2,68633,12134935
20000000,56,66,101,52,6.4,70157,11175164
20000000,72,67,103,71,7.1,11935,11036366
20000000,83,71,96,61,7.4,29095,10686841
20000000,48,28,98,36,6.1,14678,10570375
20000000,61,20,111,36,6.8,51552,9534258
20000000,54,46,100,47,7.2,39907,9208876
20000000,52,6,109,29,4.6,4381,8888355
20000000,42,11,83,33,5.5,19054,8330720
20000000,38,4,91,33,4.4,8623,8135024
20000000,71,44,98,44,6.2,5997,8047525
19400000,86,74,124,69,7.5,63932,8060487
19000000,45,51,101,52,6,56588,27758465
19000000,47,21,101,33,6.4,48787,25918920
19000000,77,46,130,53,7.7,16314,20847072
19000000,86,94,114,72,7.7,146921,20300218
19000000,37,19,95,19,3.4,2375,15911332
19000000,59,46,109,49,6.6,59349,8402485
18500000,85,91,114,83,7.8,116058,22498520
18500000,39,58,99,58,6.4,76192,18451251
18500000,90,50,118,41,7.8,170005,10680275
18000000,33,8,80,25,5.2,23561,26936265
18000000,93,98,128,92,8.3,170804,23380203
18000000,37,17,109,33,5.6,20424,22965110
18000000,36,25,107,39,4.9,11846,22455510
18000000,85,93,94,82,7.7,205520,18335230
18000000,57,67,94,69,6.7,25839,17266359
18000000,83,43,115,52,6.6,12956,17200925
18000000,48,12,92,33,5.2,6485,16703799
18000000,41,27,129,44,5.9,42069,16131410
18000000,89,47,125,45,7.6,34462,15652637
18000000,53,66,90,63,6.5,53305,15285588
18000000,32,14,102,32,5.3,21911,14800725
18000000,46,77,110,66,6.1,20705,13491653
18000000,36,2,90,23,4.3,10392,10501938
18000000,83,84,113,72,7.5,40633,8038061
18000000,74,76,103,65,7.2,9449,7739049
17500000,94,90,121,79,8.2,193066,23519128
17500000,57,48,92,48,4,621,7018188
17000000,46,43,133,43,6.7,45614,27163593
17000000,45,34,99,50,4.7,6338,24719879
17000000,48,23,98,36,5.6,10096,22734486
17000000,87,62,105,63,5.8,7450,21170563
17000000,42,8,108,21,4.9,11248,19693891
17000000,81,90,121,82,7.6,42494,16316273
17000000,52,5,89,21,3.1,8629,15680099
17000000,64,77,77,59,5.7,1636,11634458
17000000,16,9,91,22,3.6,27048,11227824
17000000,80,40,119,41,7.5,77677,6855137
16500000,74,57,120,55,7.1,33823,18663911
16500000,83,75,126,71,7.7,49786,13005485
16500000,71,36,108,45,6.3,26783,11892415
16000000,89,91,121,81,7.9,261330,23618786
16000000,74,82,96,70,7.2,146912,23216709
16000000,52,11,93,29,5.3,11494,21799652
16000000,69,27,112,40,7.2,81633,19068240
16000000,82,70,109,61,7.2,21719,16357770
16000000,34,42,102,47,5.1,72376,16204793
16000000,46,29,95,25,5.6,10604,15427192
16000000,65,28,102,45,5.6,7400,14108518
16000000,52,18,86,33,4.2,14659,13922211
16000000,64,29,120,36,7,38611,11810854
16000000,37,5,88,15,3.5,2179,11540112
15600000,39,10,91,24,4.4,4546,13571817
15250000,62,86,96,69,6.5,50324,7802450
15000000,81,77,124,72,7.7,127125,23089926
15000000,90,97,134,84,8,37452,22954968
15000000,20,9,99,16,4,11176,21468807
15000000,75,81,141,68,7.4,121711,21403519
15000000,83,54,95,57,6.1,4934,21000147
15000000,40,11,90,32,5.1,38455,20804166
15000000,53,22,112,45,6.3,12247,20218921
15000000,71,61,90,66,6.7,14402,19161999
15000000,61,20,93,45,4.6,22461,18844784
15000000,94,80,118,69,8.2,376465,17498804
15000000,84,97,131,94,7.6,232964,17017811
15000000,32,9,101,29,4.9,12384,16500786
15000000,41,49,96,51,5.4,42394,15634090
15000000,44,75,97,64,6.2,83687,14945541
15000000,57,11,92,13,4.5,35193,14249005
15000000,49,36,107,48,6.9,67868,13843771
15000000,74,84,111,68,6.9,44702,13043363
15000000,62,39,85,49,5.6,1699,12981269
15000000,92,92,85,83,8.3,2560,12898847
15000000,39,11,100,21,4.5,13355,12801190
15000000,66,48,121,55,6.2,4099,12669914
15000000,71,71,98,59,6.8,28205,12212417
15000000,52,20,93,30,6.1,17487,11660180
15000000,34,52,97,56,5.6,8485,11614954
15000000,34,31,94,45,4.9,6497,10513979
15000000,62,17,97,25,5,6573,10494147
15000000,71,15,108,33,5.8,17271,10411980
15000000,90,98,131,88,8,124098,9929135
15000000,69,66,115,52,7.1,45434,9396870
15000000,53,58,113,57,6.7,15001,9237470
15000000,51,35,94,52,4.9,2583,9177065
15000000,70,79,107,74,6.7,21598,9176787
15000000,46,17,94,20,5.4,6584,8735529
15000000,36,7,96,18,4.8,22941,8586376
15000000,73,58,93,60,6.9,15450,8378141
15000000,57,26,91,46,5.6,5268,8117637
15000000,86,82,107,67,8,239938,7800825
15000000,46,52,106,55,6.6,19189,7597898
15000000,88,81,147,81,8,185302,7219578
15000000,47,41,102,53,6.2,27633,6409528
14500000,83,73,111,59,7.5,9587,7691700
14000000,32,10,102,27,4.4,14015,19637147
14000000,36,12,91,38,5,19618,16298046
14000000,52,60,97,63,6.5,46222,15515460
14000000,56,15,93,27,6,10157,15064948
14000000,77,65,116,53,6.9,7977,14395874
14000000,25,20,91,25,4.3,31408,13121555
14000000,91,76,114,65,6.9,4926,13024170
14000000,73,46,119,54,7.1,35197,11242801
14000000,57,10,86,27,5.3,10053,10397365
14000000,28,13,80,19,5,5146,6552255
14000000,92,93,112,92,8.1,75046,5990075
13500000,79,89,108,84,7.5,31075,15901849
13500000,71,83,109,66,7.2,131360,15024049
13500000,83,75,124,70,7.4,38465,7060876
13000000,34,38,107,48,5.7,18335,18007317
13000000,45,13,92,33,5.7,24455,16757163
13000000,86,91,142,89,8,111528,13756082
13000000,50,57,104,55,6.3,17620,11003643
13000000,53,70,94,65,6.2,14336,6276869
13000000,77,38,100,43,5.9,2854,5871603
12500000,68,50,109,49,6.9,12170,14060950
12500000,93,92,116,57,8,128730,12281000
12500000,32,22,101,24,5.1,19364,11965282
12500000,89,94,100,80,7.9,59197,10725228
12500000,85,63,106,55,7.8,85988,9046156
12500000,71,67,107,61,7.2,27465,6797696
12500000,84,81,106,70,7.4,93035,5956480
12000000,62,51,103,51,5.2,21838,18597342
12000000,48,4,86,23,4.4,2792,17321573
12000000,38,29,86,40,5.3,4674,17292381
12000000,49,80,93,71,6.3,53484,16311571
12000000,82,69,123,55,7.9,70611,15323921
12000000,86,92,115,86,8.1,10054,14240068
12000000,64,59,100,64,6.6,3789,12905901
12000000,62,85,113,82,6.7,35625,12796861
12000000,68,72,95,72,7,48167,11634362
12000000,96,98,145,86,8.5,125404,11487676
12000000,82,88,119,89,7.6,75550,11050094
12000000,54,13,93,25,5.4,10563,10198766
12000000,66,67,108,65,6.9,11813,8138000
12000000,48,13,82,7,5.6,6271,6982680
12000000,43,51,86,68,6.3,10878,5549923
12000000,44,41,113,41,6.3,16925,5078660
12000000,38,7,81,14,2.1,22514,4922166
12000000,39,33,107,44,5,4467,4880941
11000000,85,8,89,22,6.3,13065,13906394
11000000,43,11,84,22,5.1,9412,13592872
11000000,79,73,99,64,7.4,46723,13110448
11000000,87,70,81,57,7.6,100101,11502976
11000000,75,90,118,79,7.1,37473,10214647
11000000,52,10,86,12,5.3,11267,4814244
10500000,52,43,98,47,6.6,24297,11052958
10000000,55,41,95,32,6.1,67867,15417771
10000000,44,49,110,56,6,13494,15164492
10000000,37,27,89,39,5.8,15736,15122676
10000000,37,29,76,47,5.8,3264,13684949
10000000,66,76,97,65,6.9,36881,12589255
10000000,56,57,112,62,6.7,43410,12008642
10000000,82,40,112,45,7,3866,11748661
10000000,53,44,87,52,5.8,13520,11560259
10000000,93,79,90,68,7.9,160883,10827813
10000000,92,73,130,57,7.8,22889,10019109
10000000,58,44,111,31,6.3,34959,9949470
10000000,55,15,89,33,5.1,9901,9408183
10000000,25,4,97,18,4.4,53606,8840453
10000000,83,94,107,78,7.4,28798,8112414
10000000,43,15,95,30,5.2,18124,7570127
10000000,40,21,95,42,4,4921,7316658
10000000,28,17,94,36,5.3,26609,7027762
10000000,96,82,118,62,8.6,540076,6719864
10000000,91,96,111,86,8,53918,6197866
10000000,52,3,97,16,5.6,5513,6044618
10000000,64,47,102,48,6.7,49531,6003262
10000000,74,90,120,77,7.4,68850,5490423
10000000,68,80,120,79,7,10271,5005465
10000000,49,19,85,34,4,3384,4365455
9400000,89,92,120,84,7.6,61695,12899867
9000000,58,31,86,46,5.5,3709,12232382
9000000,65,60,84,48,5.3,4295,11862398
9000000,90,100,138,83,7.8,19884,10161099
9000000,74,89,114,85,7.2,28208,6623082
9000000,40,14,80,33,4.7,2973,6126237
9000000,71,48,119,49,6.7,24567,6047856
9000000,55,62,92,54,6.4,14034,4886216
9000000,81,76,104,72,7,26705,4777465
8500000,44,29,103,45,5.6,20276,5001655
8500000,69,83,119,81,7,17074,4444637
8500000,46,7,104,14,2.1,17383,4273372
8470000,82,80,145,50,7.8,37368,4046336
8000000,58,23,87,24,6.4,42307,10273187
8000000,40,36,109,50,5.3,9556,10130219
8000000,74,81,93,71,6.9,29588,8279017
8000000,66,59,101,63,7.2,75497,6363628
8000000,43,34,83,41,5.2,7262,5018450
8000000,47,17,89,21,5,2493,4714090
8000000,74,93,129,80,7.3,19219,3205706
7800000,67,84,103,70,6.8,29796,10130108
7500000,38,63,90,61,6.2,31152,10823158
7500000,80,83,105,70,7.3,29957,10465659
7500000,58,61,116,62,6.5,19383,10284523
7300000,92,96,95,90,8,54614,4443403
7000000,9,4,90,15,2,28450,10199354
7000000,67,89,106,79,7,78860,9228788
7000000,75,84,103,77,7.1,15278,9176933
7000000,81,85,101,77,7.6,65257,9176000
7000000,85,83,164,80,7.6,32431,8373585
7000000,54,80,91,74,6.3,25666,7468936
7000000,67,50,95,62,6.4,7045,7309628
7000000,87,88,94,80,7.5,20126,6199600
7000000,84,88,115,56,7.4,45226,5017971
7000000,73,29,113,38,6.5,2637,4720371
6900000,90,94,103,78,7.7,85885,7950889
6500000,14,17,91,23,3.5,7556,10155691
6500000,75,79,101,72,7.3,102148,4002293
6000000,74,81,123,77,7,19624,8596914
6000000,60,28,101,33,5.8,11865,6852450
6000000,80,81,100,66,7.4,22853,6671283
6000000,37,44,84,52,5.5,13870,5909483
6000000,81,95,96,78,7.3,45311,5359774
6000000,81,76,97,76,7.3,91025,4859475
6000000,27,5,94,15,4.6,9895,4694491
6000000,55,13,95,27,5.2,10157,4398989
6000000,74,89,95,82,7.2,10106,3347411
6000000,93,92,91,85,7.8,22550,3067312
5900000,87,77,115,65,7.3,27918,3895664
5600000,59,2,95,30,2,8350,7009668
5600000,56,80,141,69,6.9,3238,3064356
5500000,84,93,111,88,7.5,78895,6217849
5500000,74,79,90,76,7.1,12755,5580479
5500000,92,68,95,56,7.9,33430,3629758
5000000,41,7,90,35,5.3,6508,6755271
5000000,78,57,97,32,7,18601,6157157
5000000,86,18,136,33,7.1,57037,6090172
5000000,68,80,91,69,6.6,8218,5502773
5000000,68,71,95,62,6.5,13319,5308707
5000000,89,89,97,67,8,183642,5010163
5000000,38,37,99,57,5.4,2490,4339241
5000000,87,100,110,90,7.8,22979,4306697
5000000,76,93,120,86,7.2,10164,3954651
5000000,53,75,97,65,6.5,31366,2712131
5000000,72,86,91,76,7,34130,2229058
4500000,82,92,107,61,7.5,34201,3802260
4500000,93,78,101,68,8.4,406824,3635482
4030000,57,86,93,80,7,3070,2542264
4000000,48,12,90,27,6,16950,4630045
4000000,28,35,96,34,2.7,3525,3816594
4000000,91,91,84,71,7.6,20399,2922988
4000000,64,19,94,23,5.7,4035,2793776
4000000,60,78,92,64,6.6,14599,2426851
3700000,70,65,113,74,6.8,15108,2730296
3500000,64,29,70,31,5,9558,3293258
3400000,74,88,106,76,7.1,67141,5353586
3200000,72,64,99,56,7.3,22844,2277396
3000000,33,13,85,10,4.4,3519,4142507
3000000,64,87,90,78,6.6,8529,4033574
3000000,35,11,95,15,5.2,7095,3602884
3000000,71,82,104,74,7.1,7747,3287435
3000000,54,7,87,22,5.3,14455,3076820
3000000,86,82,91,70,7.3,21987,2912606
3000000,74,25,110,31,6,2932,2848587
3000000,89,85,80,81,7.8,46096,2746453
2850000,67,41,85,42,6.9,44487,3681066
2600000,94,93,105,80,7.9,3251,2276368
2500000,83,81,107,76,7,5771,1282084
2400000,51,5,105,34,5,3773,1008849
2000000,28,38,101,45,4.8,8081,2512846
2000000,90,96,90,91,8,37271,2283849
2000000,56,52,97,57,6,6267,2072645
2000000,78,66,101,64,6.6,23383,1985292
2000000,0,71,178,67,6.1,195,1577287
2000000,94,95,102,89,8.3,6472,1433319
2000000,91,94,96,84,8.1,4586,1134358
1900000,87,100,94,89,8,26409,2962242
1900000,74,79,98,67,7.2,22206,1445366
1900000,67,56,103,64,6.4,4638,1420578
1700000,55,81,104,62,6.3,8115,2039192
1700000,70,90,87,82,6.8,13398,1000915
1500000,88,78,110,68,7.5,30203,2380606
1500000,79,98,93,75,6.9,20285,2300000
1500000,89,94,97,81,7.7,53912,1690913
1500000,94,92,115,80,7.9,27161,1222889
1000000,72,86,83,67,6.8,2307,1287480
1000000,79,79,92,57,7.2,34385,1239183
1000000,93,93,98,84,8,32554,1067481
950000,78,68,104,58,7.2,106801,1024640
